image_id,class,confidence,ymin,xmin,ymax,xmax
image_1027,0,0.5,0.5,0.5,0.5,0.5
image_1039,,,,,,
image_1287,,,,,,
image_0333,,,,,,
image_0037,,,,,,
image_0083,,,,,,
image_0250,,,,,,
image_0608,,,,,,
image_1262,,,,,,
image_0334,,,,,,
image_0181,,,,,,
image_1167,,,,,,
image_0404,,,,,,
image_0897,,,,,,
image_1257,,,,,,
image_1296,,,,,,
image_0004,,,,,,
image_0892,,,,,,
image_0822,,,,,,
image_1476,,,,,,
image_0231,,,,,,
image_1121,,,,,,
image_0520,,,,,,
image_0222,,,,,,
image_0548,,,,,,
image_1421,,,,,,
image_0884,,,,,,
image_0490,,,,,,
image_1341,,,,,,
image_0062,,,,,,
image_0837,,,,,,
image_0103,,,,,,
image_1006,,,,,,
image_1452,,,,,,
image_1205,,,,,,
image_0962,,,,,,
image_1304,,,,,,
image_0723,,,,,,
image_1308,,,,,,
image_1220,,,,,,
image_0243,,,,,,
image_1552,,,,,,
image_0119,,,,,,
image_1396,,,,,,
image_1418,,,,,,
image_0094,,,,,,
image_1200,,,,,,
image_0260,,,,,,
image_0227,,,,,,
image_1534,,,,,,
image_1033,,,,,,
image_1422,,,,,,
image_0159,,,,,,
image_0886,,,,,,
image_0808,,,,,,
image_0840,,,,,,
image_0967,,,,,,
image_0725,,,,,,
image_0011,,,,,,
image_0857,,,,,,
image_0927,,,,,,
image_0401,,,,,,
image_1089,,,,,,
image_0560,,,,,,
image_0389,,,,,,
image_0138,,,,,,
image_0359,,,,,,
image_1216,,,,,,
image_0643,,,,,,
image_0349,,,,,,
image_1152,,,,,,
image_0079,,,,,,
image_0203,,,,,,
image_1235,,,,,,
image_0755,,,,,,
image_0335,,,,,,
image_0652,,,,,,
image_1492,,,,,,
image_0255,,,,,,
image_0818,,,,,,
image_0031,,,,,,
image_0007,,,,,,
image_0736,,,,,,
image_1404,,,,,,
image_0473,,,,,,
image_1224,,,,,,
image_0561,,,,,,
image_0586,,,,,,
image_0729,,,,,,
image_1013,,,,,,
image_0697,,,,,,
image_0509,,,,,,
image_1046,,,,,,
image_0170,,,,,,
image_1107,,,,,,
image_0150,,,,,,
image_0734,,,,,,
image_0204,,,,,,
image_0699,,,,,,
image_0270,,,,,,
image_0789,,,,,,
image_0946,,,,,,
image_0010,,,,,,
image_1343,,,,,,
image_0701,,,,,,
image_0677,,,,,,
image_1223,,,,,,
image_1524,,,,,,
image_1516,,,,,,
image_0584,,,,,,
image_0440,,,,,,
image_0889,,,,,,
image_0446,,,,,,
image_1589,,,,,,
image_0277,,,,,,
image_0533,,,,,,
image_1151,,,,,,
image_0913,,,,,,
image_0513,,,,,,
image_1544,,,,,,
image_0412,,,,,,
image_0779,,,,,,
image_1309,,,,,,
image_0214,,,,,,
image_1331,,,,,,
image_0739,,,,,,
image_1176,,,,,,
image_0958,,,,,,
image_0591,,,,,,
image_1022,,,,,,
image_1198,,,,,,
image_1367,,,,,,
image_0039,,,,,,
image_0375,,,,,,
image_1523,,,,,,
image_1129,,,,,,
image_0189,,,,,,
image_0811,,,,,,
image_1094,,,,,,
image_0882,,,,,,
image_1140,,,,,,
image_0185,,,,,,
image_1208,,,,,,
image_0425,,,,,,
image_0940,,,,,,
image_0727,,,,,,
image_1402,,,,,,
image_0514,,,,,,
image_1395,,,,,,
image_1484,,,,,,
image_1109,,,,,,
image_0262,,,,,,
image_0073,,,,,,
image_0276,,,,,,
image_1345,,,,,,
image_1391,,,,,,
image_0038,,,,,,
image_0234,,,,,,
image_0040,,,,,,
image_1056,,,,,,
image_0842,,,,,,
image_1419,,,,,,
image_0462,,,,,,
image_1374,,,,,,
image_1594,,,,,,
image_0929,,,,,,
image_0858,,,,,,
image_0746,,,,,,
image_0200,,,,,,
image_1193,,,,,,
image_0081,,,,,,
image_1364,,,,,,
image_1209,,,,,,
image_1303,,,,,,
image_1165,,,,,,
image_1120,,,,,,
image_1003,,,,,,
image_0772,,,,,,
image_0795,,,,,,
image_0422,,,,,,
image_0764,,,,,,
image_0625,,,,,,
image_1514,,,,,,
image_0271,,,,,,
image_0063,,,,,,
image_0213,,,,,,
image_0272,,,,,,
image_0347,,,,,,
image_1139,,,,,,
image_1490,,,,,,
image_0327,,,,,,
image_0600,,,,,,
image_0107,,,,,,
image_1385,,,,,,
image_0151,,,,,,
image_0358,,,,,,
image_0009,,,,,,
image_0445,,,,,,
image_0403,,,,,,
image_1023,,,,,,
image_1447,,,,,,
image_0116,,,,,,
image_0169,,,,,,
image_0685,,,,,,
image_1433,,,,,,
image_1315,,,,,,
image_0624,,,,,,
image_1578,,,,,,
image_1241,,,,,,
image_1300,,,,,,
image_1413,,,,,,
image_0061,,,,,,
image_0599,,,,,,
image_0530,,,,,,
image_0475,,,,,,
image_1500,,,,,,
image_0117,,,,,,
image_0343,,,,,,
image_0537,,,,,,
image_1531,,,,,,
image_0904,,,,,,
image_0942,,,,,,
image_0135,,,,,,
image_0731,,,,,,
image_0416,,,,,,
image_0132,,,,,,
image_0014,,,,,,
image_0380,,,,,,
image_1560,,,,,,
image_0640,,,,,,
image_1103,,,,,,
image_1256,,,,,,
image_1291,,,,,,
image_0780,,,,,,
image_1012,,,,,,
image_1355,,,,,,
image_0303,,,,,,
image_1384,,,,,,
image_1225,,,,,,
image_0960,,,,,,
image_1030,,,,,,
image_0689,,,,,,
image_1279,,,,,,
image_0933,,,,,,
image_1333,,,,,,
image_1244,,,,,,
image_1265,,,,,,
image_0900,,,,,,
image_0819,,,,,,
image_1576,,,,,,
image_1505,,,,,,
image_0799,,,,,,
image_0307,,,,,,
image_0693,,,,,,
image_1438,,,,,,
image_0796,,,,,,
image_0668,,,,,,
image_0280,,,,,,
image_0163,,,,,,
image_0673,,,,,,
image_0053,,,,,,
image_0456,,,,,,
image_0826,,,,,,
image_0193,,,,,,
image_1380,,,,,,
image_1060,,,,,,
image_1496,,,,,,
image_0201,,,,,,
image_0134,,,,,,
image_1368,,,,,,
image_0847,,,,,,
image_0609,,,,,,
image_1190,,,,,,
image_1596,,,,,,
image_0979,,,,,,
image_1077,,,,,,
image_1474,,,,,,
image_0956,,,,,,
image_0387,,,,,,
image_0993,,,,,,
image_0247,,,,,,
image_1461,,,,,,
image_1194,,,,,,
image_1335,,,,,,
image_0936,,,,,,
image_1535,,,,,,
image_1187,,,,,,
image_1423,,,,,,
image_0071,,,,,,
image_0427,,,,,,
image_0554,,,,,,
image_0970,,,,,,
image_0784,,,,,,
image_1425,,,,,,
image_0718,,,,,,
image_1556,,,,,,
image_1469,,,,,,
image_0106,,,,,,
image_1547,,,,,,
image_1317,,,,,,
image_0364,,,,,,
image_0130,,,,,,
image_0264,,,,,,
image_1445,,,,,,
image_0549,,,,,,
image_0714,,,,,,
image_0299,,,,,,
image_0833,,,,,,
image_0069,,,,,,
image_1276,,,,,,
image_0311,,,,,,
image_0709,,,,,,
image_1106,,,,,,
image_1508,,,,,,
image_0072,,,,,,
image_0414,,,,,,
image_1070,,,,,,
image_1191,,,,,,
image_1463,,,,,,
image_0716,,,,,,
image_1314,,,,,,
image_0816,,,,,,
image_0655,,,,,,
image_1111,,,,,,
image_0328,,,,,,
image_0464,,,,,,
image_0565,,,,,,
image_0484,,,,,,
image_1565,,,,,,
image_0989,,,,,,
image_1196,,,,,,
image_0802,,,,,,
image_0645,,,,,,
image_1048,,,,,,
image_1525,,,,,,
image_0360,,,,,,
image_0690,,,,,,
image_0436,,,,,,
image_0887,,,,,,
image_0406,,,,,,
image_0022,,,,,,
image_0460,,,,,,
image_0076,,,,,,
image_0850,,,,,,
image_0867,,,,,,
image_0999,,,,,,
image_1485,,,,,,
image_0433,,,,,,
image_0405,,,,,,
image_1074,,,,,,
image_0580,,,,,,
image_1527,,,,,,
image_0740,,,,,,
image_0691,,,,,,
image_0983,,,,,,
image_1214,,,,,,
image_1105,,,,,,
image_0162,,,,,,
image_0258,,,,,,
image_1248,,,,,,
image_1327,,,,,,
image_0719,,,,,,
image_0321,,,,,,
image_0910,,,,,,
image_0792,,,,,,
image_1460,,,,,,
image_0710,,,,,,
image_1134,,,,,,
image_0392,,,,,,
image_0665,,,,,,
image_0568,,,,,,
image_1580,,,,,,
image_1388,,,,,,
image_1351,,,,,,
image_0868,,,,,,
image_0055,,,,,,
image_0443,,,,,,
image_1593,,,,,,
image_1588,,,,,,
image_1554,,,,,,
image_1434,,,,,,
image_1451,,,,,,
image_0339,,,,,,
image_0814,,,,,,
image_0552,,,,,,
image_1294,,,,,,
image_0336,,,,,,
image_1055,,,,,,
image_0008,,,,,,
image_1562,,,,,,
image_1481,,,,,,
image_1470,,,,,,
image_0382,,,,,,
image_1337,,,,,,
image_0963,,,,,,
image_0825,,,,,,
image_0373,,,,,,
image_1156,,,,,,
image_1491,,,,,,
image_0408,,,,,,
image_1054,,,,,,
image_1392,,,,,,
image_1010,,,,,,
image_0737,,,,,,
image_0871,,,,,,
image_1414,,,,,,
image_1542,,,,,,
image_0516,,,,,,
image_1158,,,,,,
image_1101,,,,,,
image_0878,,,,,,
image_0118,,,,,,
image_1506,,,,,,
image_0133,,,,,,
image_0669,,,,,,
image_0306,,,,,,
image_0093,,,,,,
image_0145,,,,,,
image_0771,,,,,,
image_0070,,,,,,
image_1259,,,,,,
image_1510,,,,,,
image_0855,,,,,,
image_0891,,,,,,
image_0379,,,,,,
image_1347,,,,,,
image_1334,,,,,,
image_0853,,,,,,
image_0091,,,,,,
image_0143,,,,,,
image_0582,,,,,,
image_1184,,,,,,
image_1122,,,,,,
image_0982,,,,,,
image_0559,,,,,,
image_0823,,,,,,
image_0610,,,,,,
image_0175,,,,,,
image_1375,,,,,,
image_0450,,,,,,
image_0705,,,,,,
image_0383,,,,,,
image_0217,,,,,,
image_0844,,,,,,
image_0606,,,,,,
image_1311,,,,,,
image_1079,,,,,,
image_0633,,,,,,
image_1583,,,,,,
image_1068,,,,,,
image_1537,,,,,,
image_0648,,,,,,
image_0987,,,,,,
image_1346,,,,,,
image_0893,,,,,,
image_1424,,,,,,
image_1146,,,,,,
image_0489,,,,,,
image_1329,,,,,,
image_0581,,,,,,
image_0074,,,,,,
image_0621,,,,,,
image_0950,,,,,,
image_1538,,,,,,
image_0908,,,,,,
image_0831,,,,,,
image_0860,,,,,,
image_0688,,,,,,
image_0029,,,,,,
image_0953,,,,,,
image_1571,,,,,,
image_1147,,,,,,
image_0708,,,,,,
image_1261,,,,,,
image_0722,,,,,,
image_0573,,,,,,
image_1213,,,,,,
image_0715,,,,,,
image_1405,,,,,,
image_0165,,,,,,
image_0977,,,,,,
image_0488,,,,,,
image_0114,,,,,,
image_0302,,,,,,
image_1449,,,,,,
image_0783,,,,,,
image_0123,,,,,,
image_0005,,,,,,
image_1113,,,,,,
image_1340,,,,,,
image_1118,,,,,,
image_0778,,,,,,
image_1063,,,,,,
image_0595,,,,,,
image_0965,,,,,,
image_0466,,,,,,
image_0233,,,,,,
image_0525,,,,,,
image_0361,,,,,,
image_0733,,,,,,
image_0562,,,,,,
image_0992,,,,,,
image_0744,,,,,,
image_1575,,,,,,
image_1083,,,,,,
image_1455,,,,,,
image_0437,,,,,,
image_0183,,,,,,
image_0190,,,,,,
image_1574,,,,,,
image_1126,,,,,,
image_0196,,,,,,
image_0444,,,,,,
image_1254,,,,,,
image_0331,,,,,,
image_0917,,,,,,
image_0337,,,,,,
image_0760,,,,,,
image_0957,,,,,,
image_1096,,,,,,
image_1008,,,,,,
image_1448,,,,,,
image_0411,,,,,,
image_1373,,,,,,
image_1159,,,,,,
image_1441,,,,,,
image_0903,,,,,,
image_1466,,,,,,
image_1255,,,,,,
image_0874,,,,,,
image_0774,,,,,,
image_1204,,,,,,
image_0317,,,,,,
image_0342,,,,,,
image_1260,,,,,,
image_0254,,,,,,
image_0728,,,,,,
image_1416,,,,,,
image_0232,,,,,,
image_0984,,,,,,
image_0282,,,,,,
image_0961,,,,,,
image_0934,,,,,,
image_0265,,,,,,
image_1313,,,,,,
image_0279,,,,,,
image_1338,,,,,,
image_1268,,,,,,
image_1288,,,,,,
image_1360,,,,,,
image_1528,,,,,,
image_0720,,,,,,
image_1249,,,,,,
image_1587,,,,,,
image_0912,,,,,,
image_0924,,,,,,
image_0052,,,,,,
image_1501,,,,,,
image_0909,,,,,,
image_1227,,,,,,
image_1432,,,,,,
image_0883,,,,,,
image_1161,,,,,,
image_1231,,,,,,
image_0521,,,,,,
image_0526,,,,,,
image_0721,,,,,,
image_1543,,,,,,
image_1038,,,,,,
image_0137,,,,,,
image_1032,,,,,,
image_1349,,,,,,
image_1064,,,,,,
image_1370,,,,,,
image_0128,,,,,,
image_0686,,,,,,
image_0546,,,,,,
image_1444,,,,,,
image_0777,,,,,,
image_1532,,,,,,
image_0457,,,,,,
image_0529,,,,,,
image_0836,,,,,,
image_0374,,,,,,
image_1387,,,,,,
image_1480,,,,,,
image_0541,,,,,,
image_1061,,,,,,
image_1199,,,,,,
image_0245,,,,,,
image_1163,,,,,,
image_1321,,,,,,
image_0605,,,,,,
image_0870,,,,,,
image_0212,,,,,,
image_1344,,,,,,
image_0366,,,,,,
image_0820,,,,,,
image_1142,,,,,,
image_1242,,,,,,
image_1487,,,,,,
image_1043,,,,,,
image_1127,,,,,,
image_1222,,,,,,
image_0082,,,,,,
image_0712,,,,,,
image_0295,,,,,,
image_0110,,,,,,
image_0235,,,,,,
image_1342,,,,,,
image_0757,,,,,,
image_1383,,,,,,
image_1128,,,,,,
image_0452,,,,,,
image_1318,,,,,,
image_1002,,,,,,
image_0515,,,,,,
image_0001,,,,,,
image_0398,,,,,,
image_0629,,,,,,
image_0140,,,,,,
image_0202,,,,,,
image_0353,,,,,,
image_0099,,,,,,
image_1555,,,,,,
image_1539,,,,,,
image_0476,,,,,,
image_0613,,,,,,
image_1014,,,,,,
image_0078,,,,,,
image_1040,,,,,,
image_1280,,,,,,
image_1379,,,,,,
image_0978,,,,,,
image_1207,,,,,,
image_1582,,,,,,
image_0316,,,,,,
image_1519,,,,,,
image_0424,,,,,,
image_0187,,,,,,
image_0226,,,,,,
image_1124,,,,,,
image_0216,,,,,,
image_1149,,,,,,
image_1047,,,,,,
image_1400,,,,,,
image_0619,,,,,,
image_0542,,,,,,
image_1271,,,,,,
image_0219,,,,,,
image_1091,,,,,,
image_1305,,,,,,
image_1230,,,,,,
image_0153,,,,,,
image_0297,,,,,,
image_1599,,,,,,
image_0638,,,,,,
image_0975,,,,,,
image_1590,,,,,,
image_0015,,,,,,
image_1212,,,,,,
image_1093,,,,,,
image_1358,,,,,,
image_0930,,,,,,
image_0020,,,,,,
image_0225,,,,,,
image_0102,,,,,,
image_1407,,,,,,
image_1185,,,,,,
image_0147,,,,,,
image_0508,,,,,,
image_0326,,,,,,
image_0767,,,,,,
image_0959,,,,,,
image_1585,,,,,,
image_0474,,,,,,
image_1179,,,,,,
image_1206,,,,,,
image_1186,,,,,,
image_0463,,,,,,
image_0197,,,,,,
image_0713,,,,,,
image_0161,,,,,,
image_0301,,,,,,
image_0907,,,,,,
image_0703,,,,,,
image_0068,,,,,,
image_0191,,,,,,
image_1072,,,,,,
image_0522,,,,,,
image_0410,,,,,,
image_0598,,,,,,
image_1417,,,,,,
image_0409,,,,,,
image_1162,,,,,,
image_1071,,,,,,
image_1082,,,,,,
image_0707,,,,,,
image_1144,,,,,,
image_0535,,,,,,
image_1295,,,,,,
image_1550,,,,,,
image_0454,,,,,,
image_0557,,,,,,
image_1597,,,,,,
image_0100,,,,,,
image_0156,,,,,,
image_0275,,,,,,
image_0131,,,,,,
image_0206,,,,,,
image_1080,,,,,,
image_0174,,,,,,
image_0974,,,,,,
image_0308,,,,,,
image_0012,,,,,,
image_1320,,,,,,
image_1494,,,,,,
image_0283,,,,,,
image_0167,,,,,,
image_0467,,,,,,
image_0105,,,,,,
image_1029,,,,,,
image_0545,,,,,,
image_0075,,,,,,
image_0931,,,,,,
image_0224,,,,,,
image_1274,,,,,,
image_0618,,,,,,
image_1328,,,,,,
image_0911,,,,,,
image_0477,,,,,,
image_1498,,,,,,
image_1410,,,,,,
image_0056,,,,,,
image_0865,,,,,,
image_0644,,,,,,
image_0704,,,,,,
image_0941,,,,,,
image_0854,,,,,,
image_1323,,,,,,
image_0209,,,,,,
image_0340,,,,,,
image_0564,,,,,,
image_0396,,,,,,
image_0242,,,,,,
image_1141,,,,,,
image_0692,,,,,,
image_0432,,,,,,
image_0896,,,,,,
image_1132,,,,,,
image_0991,,,,,,
image_0612,,,,,,
image_0517,,,,,,
image_0919,,,,,,
image_0168,,,,,,
image_0596,,,,,,
image_0916,,,,,,
image_0511,,,,,,
image_0067,,,,,,
image_1572,,,,,,
image_0885,,,,,,
image_0631,,,,,,
image_0500,,,,,,
image_1100,,,,,,
image_1201,,,,,,
image_1117,,,,,,
image_1197,,,,,,
image_0939,,,,,,
image_0838,,,,,,
image_1521,,,,,,
image_0543,,,,,,
image_0682,,,,,,
image_1415,,,,,,
image_1312,,,,,,
image_0671,,,,,,
image_1504,,,,,,
image_0006,,,,,,
image_0221,,,,,,
image_1218,,,,,,
image_1420,,,,,,
image_0142,,,,,,
image_0592,,,,,,
image_1150,,,,,,
image_1284,,,,,,
image_0098,,,,,,
image_1465,,,,,,
image_0498,,,,,,
image_0230,,,,,,
image_1009,,,,,,
image_1020,,,,,,
image_0310,,,,,,
image_1153,,,,,,
image_0583,,,,,,
image_0684,,,,,,
image_0782,,,,,,
image_0660,,,,,,
image_0059,,,,,,
image_0320,,,,,,
image_0678,,,,,,
image_0378,,,,,,
image_1234,,,,,,
image_0951,,,,,,
image_0502,,,,,,
image_0363,,,,,,
image_0237,,,,,,
image_1155,,,,,,
image_0413,,,,,,
image_0895,,,,,,
image_0430,,,,,,
image_0385,,,,,,
image_0034,,,,,,
image_0291,,,,,,
image_0547,,,,,,
image_1007,,,,,,
image_0171,,,,,,
image_0943,,,,,,
image_0459,,,,,,
image_0809,,,,,,
image_0866,,,,,,
image_0670,,,,,,
image_0239,,,,,,
image_0470,,,,,,
image_0352,,,,,,
image_0438,,,,,,
image_0973,,,,,,
image_0288,,,,,,
image_0127,,,,,,
image_1112,,,,,,
image_0386,,,,,,
image_0324,,,,,,
image_1285,,,,,,
image_0813,,,,,,
image_0322,,,,,,
image_0492,,,,,,
image_0594,,,,,,
image_0354,,,,,,
image_1397,,,,,,
image_0732,,,,,,
image_1495,,,,,,
image_1412,,,,,,
image_1049,,,,,,
image_0269,,,,,,
image_0122,,,,,,
image_1336,,,,,,
image_1450,,,,,,
image_0839,,,,,,
image_0141,,,,,,
image_0220,,,,,,
image_1245,,,,,,
image_0469,,,,,,
image_1123,,,,,,
image_1104,,,,,,
image_0845,,,,,,
image_1366,,,,,,
image_0249,,,,,,
image_0948,,,,,,
image_0319,,,,,,
image_0981,,,,,,
image_0749,,,,,,
image_1178,,,,,,
image_0097,,,,,,
image_0551,,,,,,
image_0267,,,,,,
image_0152,,,,,,
image_1520,,,,,,
image_1567,,,,,,
image_1297,,,,,,
image_0639,,,,,,
image_0429,,,,,,
image_0400,,,,,,
image_0706,,,,,,
image_0021,,,,,,
image_1175,,,,,,
image_0964,,,,,,
image_1075,,,,,,
image_0111,,,,,,
image_0750,,,,,,
image_0815,,,,,,
image_0158,,,,,,
image_1381,,,,,,
image_0966,,,,,,
image_0899,,,,,,
image_0077,,,,,,
image_1130,,,,,,
image_0155,,,,,,
image_1053,,,,,,
image_0395,,,,,,
image_1406,,,,,,
image_1272,,,,,,
image_1306,,,,,,
image_0567,,,,,,
image_0672,,,,,,
image_0263,,,,,,
image_1382,,,,,,
image_0743,,,,,,
image_0578,,,,,,
image_1116,,,,,,
image_1066,,,,,,
image_0421,,,,,,
image_0753,,,,,,
image_1568,,,,,,
image_1536,,,,,,
image_1513,,,,,,
image_1024,,,,,,
image_0881,,,,,,
image_0125,,,,,,
image_1324,,,,,,
image_0210,,,,,,
image_1477,,,,,,
image_1115,,,,,,
image_0351,,,,,,
image_0447,,,,,,
image_0877,,,,,,
image_1475,,,,,,
image_0937,,,,,,
image_0512,,,,,,
image_1233,,,,,,
image_0487,,,,,,
image_0636,,,,,,
image_1377,,,,,,
image_1359,,,,,,
image_0471,,,,,,
image_0890,,,,,,
image_1273,,,,,,
image_0108,,,,,,
image_1065,,,,,,
image_1559,,,,,,
image_0905,,,,,,
image_0293,,,,,,
image_0579,,,,,,
image_0087,,,,,,
image_0902,,,,,,
image_0035,,,,,,
image_0785,,,,,,
image_0623,,,,,,
image_0603,,,,,,
image_0497,,,,,,
image_1092,,,,,,
image_1330,,,,,,
image_1356,,,,,,
image_0947,,,,,,
image_0228,,,,,,
image_0372,,,,,,
image_0519,,,,,,
image_0493,,,,,,
image_0157,,,,,,
image_1016,,,,,,
image_1462,,,,,,
image_1137,,,,,,
image_1250,,,,,,
image_1411,,,,,,
image_0787,,,,,,
image_0251,,,,,,
image_0994,,,,,,
image_1238,,,,,,
image_0869,,,,,,
image_0054,,,,,,
image_1357,,,,,,
image_0184,,,,,,
image_1533,,,,,,
image_0776,,,,,,
image_1569,,,,,,
image_0003,,,,,,
image_0742,,,,,,
image_1119,,,,,,
image_1052,,,,,,
image_1148,,,,,,
image_0030,,,,,,
image_1478,,,,,,
image_0711,,,,,,
image_1045,,,,,,
image_1509,,,,,,
image_0702,,,,,,
image_1037,,,,,,
image_1277,,,,,,
image_1549,,,,,,
image_1183,,,,,,
image_1099,,,,,,
image_0491,,,,,,
image_0550,,,,,,
image_1517,,,,,,
image_1389,,,,,,
image_0863,,,,,,
image_1026,,,,,,
image_0223,,,,,,
image_0657,,,,,,
image_0590,,,,,,
image_0661,,,,,,
image_0218,,,,,,
image_0458,,,,,,
image_0807,,,,,,
image_0566,,,,,,
image_0315,,,,,,
image_1292,,,,,,
image_1290,,,,,,
image_0199,,,,,,
image_0338,,,,,,
image_1522,,,,,,
image_1217,,,,,,
image_0207,,,,,,
image_1015,,,,,,
image_0997,,,,,,
image_1482,,,,,,
image_0211,,,,,,
image_1545,,,,,,
image_1247,,,,,,
image_0667,,,,,,
image_1237,,,,,,
image_1512,,,,,,
image_1319,,,,,,
image_0954,,,,,,
image_1177,,,,,,
image_1174,,,,,,
image_0544,,,,,,
image_1427,,,,,,
image_0849,,,,,,
image_0602,,,,,,
image_0101,,,,,,
image_0805,,,,,,
image_0794,,,,,,
image_1325,,,,,,
image_0540,,,,,,
image_0480,,,,,,
image_0735,,,,,,
image_0085,,,,,,
image_1553,,,,,,
image_0423,,,,,,
image_1354,,,,,,
image_0043,,,,,,
image_0399,,,,,,
image_0791,,,,,,
image_0329,,,,,,
image_0756,,,,,,
image_0019,,,,,,
image_0921,,,,,,
image_0507,,,,,,
image_0828,,,,,,
image_0980,,,,,,
image_1386,,,,,,
image_0465,,,,,,
image_1566,,,,,,
image_1497,,,,,,
image_1464,,,,,,
image_1160,,,,,,
image_0341,,,,,,
image_1511,,,,,,
image_0861,,,,,,
image_0637,,,,,,
image_0617,,,,,,
image_1088,,,,,,
image_0524,,,,,,
image_0238,,,,,,
image_1307,,,,,,
image_0574,,,,,,
image_0025,,,,,,
image_0173,,,,,,
image_0572,,,,,,
image_0177,,,,,,
image_1493,,,,,,
image_0478,,,,,,
image_0986,,,,,,
image_1059,,,,,,
image_1219,,,,,,
image_0144,,,,,,
image_1021,,,,,,
image_0236,,,,,,
image_1483,,,,,,
image_1138,,,,,,
image_1437,,,,,,
image_0428,,,,,,
image_1282,,,,,,
image_0179,,,,,,
image_1278,,,,,,
image_0627,,,,,,
image_1097,,,,,,
image_0768,,,,,,
image_0023,,,,,,
image_0650,,,,,,
image_0773,,,,,,
image_0139,,,,,,
image_0485,,,,,,
image_1189,,,,,,
image_0615,,,,,,
image_0482,,,,,,
image_0532,,,,,,
image_0806,,,,,,
image_0483,,,,,,
image_0759,,,,,,
image_0164,,,,,,
image_0556,,,,,,
image_0381,,,,,,
image_1350,,,,,,
image_0146,,,,,,
image_0538,,,,,,
image_0747,,,,,,
image_0044,,,,,,
image_0136,,,,,,
image_0666,,,,,,
image_0305,,,,,,
image_0468,,,,,,
image_0356,,,,,,
image_0531,,,,,,
image_1468,,,,,,
image_1564,,,,,,
image_0781,,,,,,
image_1086,,,,,,
image_0047,,,,,,
image_0824,,,,,,
image_0938,,,,,,
image_0042,,,,,,
image_0281,,,,,,
image_1526,,,,,,
image_0033,,,,,,
image_0149,,,,,,
image_1073,,,,,,
image_0314,,,,,,
image_0417,,,,,,
image_0013,,,,,,
image_0504,,,,,,
image_1558,,,,,,
image_0415,,,,,,
image_1202,,,,,,
image_0036,,,,,,
image_0577,,,,,,
image_1221,,,,,,
image_0419,,,,,,
image_1518,,,,,,
image_0407,,,,,,
image_0765,,,,,,
image_1362,,,,,,
image_0851,,,,,,
image_0442,,,,,,
image_0658,,,,,,
image_0945,,,,,,
image_0388,,,,,,
image_1125,,,,,,
image_1393,,,,,,
image_1548,,,,,,
image_1435,,,,,,
image_0041,,,,,,
image_1570,,,,,,
image_1269,,,,,,
image_0426,,,,,,
image_1252,,,,,,
image_0084,,,,,,
image_1181,,,,,,
image_0683,,,,,,
image_0148,,,,,,
image_1408,,,,,,
image_1472,,,,,,
image_0990,,,,,,
image_0730,,,,,,
image_0846,,,,,,
image_1263,,,,,,
image_0024,,,,,,
image_0397,,,,,,
image_0205,,,,,,
image_0092,,,,,,
image_1394,,,,,,
image_0862,,,,,,
image_0357,,,,,,
image_0675,,,,,,
image_0418,,,,,,
image_1173,,,,,,
image_0486,,,,,,
image_0089,,,,,,
image_0121,,,,,,
image_0273,,,,,,
image_0178,,,,,,
image_0479,,,,,,
image_0555,,,,,,
image_1251,,,,,,
image_0370,,,,,,
image_0278,,,,,,
image_1409,,,,,,
image_0046,,,,,,
image_0641,,,,,,
image_1166,,,,,,
image_0763,,,,,,
image_0587,,,,,,
image_0607,,,,,,
image_0176,,,,,,
image_0365,,,,,,
image_1339,,,,,,
image_0455,,,,,,
image_1584,,,,,,
image_0788,,,,,,
image_0651,,,,,,
image_0367,,,,,,
image_1591,,,,,,
image_0049,,,,,,
image_1298,,,,,,
image_0700,,,,,,
image_0501,,,,,,
image_0198,,,,,,
image_0274,,,,,,
image_1286,,,,,,
image_0355,,,,,,
image_0901,,,,,,
image_1436,,,,,,
image_0832,,,,,,
image_1236,,,,,,
image_1036,,,,,,
image_0810,,,,,,
image_0499,,,,,,
image_0312,,,,,,
image_1069,,,,,,
image_0761,,,,,,
image_1171,,,,,,
image_1561,,,,,,
image_0635,,,,,,
image_0402,,,,,,
image_0362,,,,,,
image_0724,,,,,,
image_1215,,,,,,
image_0172,,,,,,
image_0318,,,,,,
image_0506,,,,,,
image_0752,,,,,,
image_0888,,,,,,
image_1557,,,,,,
image_0300,,,,,,
image_0332,,,,,,
image_0632,,,,,,
image_0065,,,,,,
image_0451,,,,,,
image_0766,,,,,,
image_0461,,,,,,
image_0920,,,,,,
image_1429,,,,,,
image_1546,,,,,,
image_1595,,,,,,
image_0256,,,,,,
image_0518,,,,,,
image_1440,,,,,,
image_0558,,,,,,
image_1228,,,,,,
image_1456,,,,,,
image_1598,,,,,,
image_0687,,,,,,
image_1154,,,,,,
image_0797,,,,,,
image_0080,,,,,,
image_1322,,,,,,
image_1226,,,,,,
image_0090,,,,,,
image_0694,,,,,,
image_0569,,,,,,
image_0215,,,,,,
image_0696,,,,,,
image_0968,,,,,,
image_0539,,,,,,
image_0872,,,,,,
image_0634,,,,,,
image_0496,,,,,,
image_1085,,,,,,
image_0126,,,,,,
image_0971,,,,,,
image_1157,,,,,,
image_1001,,,,,,
image_1443,,,,,,
image_1170,,,,,,
image_0257,,,,,,
image_1573,,,,,,
image_1005,,,,,,
image_0371,,,,,,
image_1172,,,,,,
image_0679,,,,,,
image_1442,,,,,,
image_0323,,,,,,
image_1352,,,,,,
image_0821,,,,,,
image_1028,,,,,,
image_0503,,,,,,
image_0160,,,,,,
image_0925,,,,,,
image_0435,,,,,,
image_0614,,,,,,
image_0330,,,,,,
image_1025,,,,,,
image_0309,,,,,,
image_1530,,,,,,
image_0026,,,,,,
image_0575,,,,,,
image_0510,,,,,,
image_1293,,,,,,
image_0325,,,,,,
image_0420,,,,,,
image_0208,,,,,,
image_0287,,,,,,
image_1057,,,,,,
image_1302,,,,,,
image_0112,,,,,,
image_0115,,,,,,
image_0604,,,,,,
image_0985,,,,,,
image_1426,,,,,,
image_1365,,,,,,
image_1579,,,,,,
image_0762,,,,,,
image_0495,,,,,,
image_0880,,,,,,
image_0932,,,,,,
image_0229,,,,,,
image_0553,,,,,,
image_0289,,,,,,
image_0817,,,,,,
image_1529,,,,,,
image_0969,,,,,,
image_0018,,,,,,
image_0304,,,,,,
image_0663,,,,,,
image_0166,,,,,,
image_0848,,,,,,
image_0741,,,,,,
image_1188,,,,,,
image_1102,,,,,,
image_0057,,,,,,
image_1586,,,,,,
image_1401,,,,,,
image_0350,,,,,,
image_1486,,,,,,
image_0186,,,,,,
image_0859,,,,,,
image_0775,,,,,,
image_0676,,,,,,
image_0346,,,,,,
image_0368,,,,,,
image_0194,,,,,,
image_0626,,,,,,
image_1348,,,,,,
image_1098,,,,,,
image_0754,,,,,,
image_1459,,,,,,
image_0758,,,,,,
image_0431,,,,,,
image_0585,,,,,,
image_0812,,,,,,
image_0045,,,,,,
image_0240,,,,,,
image_0769,,,,,,
image_0104,,,,,,
image_1458,,,,,,
image_0313,,,,,,
image_1240,,,,,,
image_0988,,,,,,
image_1004,,,,,,
image_1203,,,,,,
image_0453,,,,,,
image_0016,,,,,,
image_0241,,,,,,
image_0653,,,,,,
image_1326,,,,,,
image_1563,,,,,,
image_0843,,,,,,
image_1479,,,,,,
image_1399,,,,,,
image_0949,,,,,,
image_1011,,,,,,
image_0248,,,,,,
image_0928,,,,,,
image_1239,,,,,,
image_0738,,,,,,
image_1164,,,,,,
image_1136,,,,,,
image_1169,,,,,,
image_0434,,,,,,
image_1378,,,,,,
image_0804,,,,,,
image_0032,,,,,,
image_0390,,,,,,
image_0527,,,,,,
image_0192,,,,,,
image_1372,,,,,,
image_1439,,,,,,
image_0786,,,,,,
image_1210,,,,,,
image_1541,,,,,,
image_0803,,,,,,
image_0875,,,,,,
image_1145,,,,,,
image_0439,,,,,,
image_0589,,,,,,
image_0448,,,,,,
image_0285,,,,,,
image_0726,,,,,,
image_0695,,,,,,
image_0394,,,,,,
image_0244,,,,,,
image_0793,,,,,,
image_1467,,,,,,
image_0745,,,,,,
image_1000,,,,,,
image_0154,,,,,,
image_0647,,,,,,
image_0528,,,,,,
image_1488,,,,,,
image_1592,,,,,,
image_0120,,,,,,
image_1453,,,,,,
image_0622,,,,,,
image_0649,,,,,,
image_0344,,,,,,
image_1353,,,,,,
image_0664,,,,,,
image_1034,,,,,,
image_1361,,,,,,
image_1131,,,,,,
image_1035,,,,,,
image_0298,,,,,,
image_1019,,,,,,
image_1078,,,,,,
image_0898,,,,,,
image_0536,,,,,,
image_0472,,,,,,
image_0935,,,,,,
image_1310,,,,,,
image_1266,,,,,,
image_1369,,,,,,
image_0017,,,,,,
image_0597,,,,,,
image_1507,,,,,,
image_1473,,,,,,
image_0751,,,,,,
image_0841,,,,,,
image_0294,,,,,,
image_0995,,,,,,
image_0856,,,,,,
image_1017,,,,,,
image_0588,,,,,,
image_0095,,,,,,
image_1058,,,,,,
image_1316,,,,,,
image_1371,,,,,,
image_0563,,,,,,
image_1363,,,,,,
image_1168,,,,,,
image_0879,,,,,,
image_0290,,,,,,
image_0086,,,,,,
image_0050,,,,,,
image_0717,,,,,,
image_0630,,,,,,
image_1502,,,,,,
image_1281,,,,,,
image_0129,,,,,,
image_0593,,,,,,
image_1110,,,,,,
image_1446,,,,,,
image_0449,,,,,,
image_0268,,,,,,
image_0748,,,,,,
image_0000,,,,,,
image_1143,,,,,,
image_0195,,,,,,
image_0259,,,,,,
image_1275,,,,,,
image_1180,,,,,,
image_0873,,,,,,
image_0918,,,,,,
image_0894,,,,,,
image_0286,,,,,,
image_0060,,,,,,
image_0348,,,,,,
image_1041,,,,,,
image_0048,,,,,,
image_1581,,,,,,
image_1471,,,,,,
image_1114,,,,,,
image_0674,,,,,,
image_1258,,,,,,
image_1454,,,,,,
image_1087,,,,,,
image_1515,,,,,,
image_0252,,,,,,
image_0523,,,,,,
image_0906,,,,,,
image_0570,,,,,,
image_1067,,,,,,
image_0002,,,,,,
image_0852,,,,,,
image_1299,,,,,,
image_0998,,,,,,
image_1095,,,,,,
image_1090,,,,,,
image_1076,,,,,,
image_0926,,,,,,
image_1551,,,,,,
image_1081,,,,,,
image_0835,,,,,,
image_0534,,,,,,
image_0391,,,,,,
image_0801,,,,,,
image_0393,,,,,,
image_0377,,,,,,
image_0246,,,,,,
image_0798,,,,,,
image_0628,,,,,,
image_0827,,,,,,
image_1062,,,,,,
image_0914,,,,,,
image_1135,,,,,,
image_0284,,,,,,
image_0601,,,,,,
image_0124,,,,,,
image_0698,,,,,,
image_0188,,,,,,
image_0266,,,,,,
image_1376,,,,,,
image_0800,,,,,,
image_0864,,,,,,
image_0923,,,,,,
image_0571,,,,,,
image_0253,,,,,,
image_0261,,,,,,
image_1044,,,,,,
image_0481,,,,,,
image_0494,,,,,,
image_0027,,,,,,
image_1540,,,,,,
image_1264,,,,,,
image_0996,,,,,,
image_1232,,,,,,
image_1031,,,,,,
image_0955,,,,,,
image_0384,,,,,,
image_0654,,,,,,
image_1108,,,,,,
image_0770,,,,,,
image_1431,,,,,,
image_1042,,,,,,
image_0616,,,,,,
image_0292,,,,,,
image_1133,,,,,,
image_1018,,,,,,
image_0576,,,,,,
image_1246,,,,,,
image_1289,,,,,,
image_0113,,,,,,
image_1332,,,,,,
image_0656,,,,,,
image_0376,,,,,,
image_0922,,,,,,
image_1211,,,,,,
image_0064,,,,,,
image_0876,,,,,,
image_0830,,,,,,
image_1195,,,,,,
image_1398,,,,,,
image_1270,,,,,,
image_0345,,,,,,
image_1267,,,,,,
image_0680,,,,,,
image_1283,,,,,,
image_0296,,,,,,
image_1577,,,,,,
image_1457,,,,,,
image_0972,,,,,,
image_1430,,,,,,
image_1390,,,,,,
image_0441,,,,,,
image_1489,,,,,,
image_0659,,,,,,
image_1229,,,,,,
image_0976,,,,,,
image_1243,,,,,,
image_0369,,,,,,
image_1182,,,,,,
image_0952,,,,,,
image_0834,,,,,,
image_0109,,,,,,
image_0915,,,,,,
image_0051,,,,,,
image_0028,,,,,,
image_1428,,,,,,
image_0829,,,,,,
image_0662,,,,,,
image_0611,,,,,,
image_0944,,,,,,
image_0505,,,,,,
image_0790,,,,,,
image_0620,,,,,,
image_1499,,,,,,
image_0096,,,,,,
image_0646,,,,,,
image_0058,,,,,,
image_1301,,,,,,
image_1503,,,,,,
image_0642,,,,,,
image_0088,,,,,,
image_1403,,,,,,
image_0182,,,,,,
image_0681,,,,,,
image_0180,,,,,,
image_1050,,,,,,
image_0066,,,,,,
image_1084,,,,,,
image_1253,,,,,,
image_1192,,,,,,
image_1051,,,,,,
